﻿<?xml version="1.0" encoding="utf-8"?>
<?xml-stylesheet type="text/xsl" href="file:///C:/PROGRAM FILES (X86)/MICROSOFT VISUAL STUDIO 12.0/COMMON7/IDE/EXTENSIONS/MICROSOFT/ARCHITECTURE TOOLS/EXTENSIBILITY/Logging/ReverseEngineeringLog.xslt"?>
<Log xmlns="http://schemas.microsoft.com/VisualStudio/2010/CodeGen.RE.Log" Label="Code Generation/Text Transformation Log">
  <MessageClass Name="Message" Label="Message" Option="Show informational messages" />
  <MessageClass Name="Warning" Label="Warning" Option="Show warnings" />
  <MessageClass Name="Error" Label="Error" Option="Show errors" />
  <MessageClass Name="Property" Label="Property" Option="Show metadata" />
  <MessageClass Name="Diagnostic" Label="Message" Option="Show diagnostic messages" />
  <Message Timestamp="2015-05-23T13:44:54" Importance="High" Text="Reverse Engineering Started." />
  <Message Timestamp="2015-05-23T13:45:13" Importance="Diagnostic" Text="Element reverse engineered into the UML model: 'ef0c03fb-8bdd-42a6-9157-736696f73b4d' -  (ClassifierTemplateParameter)" />
  <Message Timestamp="2015-05-23T13:45:13" Importance="Diagnostic" Text="Element reverse engineered into the UML model: 'Integer' -  (PrimitiveType)" />
  <Message Timestamp="2015-05-23T13:45:13" Importance="Diagnostic" Text="Element reverse engineered into the UML model: 'ModelingProject1::LogicEncryption' -  (Package)" />
  <Message Timestamp="2015-05-23T13:45:13" Importance="Medium" Text="Element reverse engineered into the UML model: 'ModelingProject1::LogicEncryption::GateBuffer' -  (Class)" />
  <Message Timestamp="2015-05-23T13:45:13" Importance="Diagnostic" Text="Element reverse engineered into the UML model: 'ModelingProject1::LogicEncryption::GateBuffer::CalculateCC0' -  (Operation)" />
  <Message Timestamp="2015-05-23T13:45:13" Importance="Diagnostic" Text="Element reverse engineered into the UML model: 'ModelingProject1::LogicEncryption::GateBuffer::CalculateCC1' -  (Operation)" />
  <Message Timestamp="2015-05-23T13:45:13" Importance="Diagnostic" Text="Element reverse engineered into the UML model: 'ModelingProject1::LogicEncryption::GateBuffer::CalculateProbabilities' -  (Operation)" />
  <Message Timestamp="2015-05-23T13:45:13" Importance="Diagnostic" Text="Element reverse engineered into the UML model: 'ModelingProject1::LogicEncryption::GateBuffer::CalculateProbabilities::Inputs' -  (Parameter)" />
  <Message Timestamp="2015-05-23T13:45:13" Importance="Diagnostic" Text="Element reverse engineered into the UML model: 'ModelingProject1::LogicEncryption::GateBuffer::CalculateProbabilities::p0' -  (Parameter)" />
  <Message Timestamp="2015-05-23T13:45:13" Importance="Diagnostic" Text="Element reverse engineered into the UML model: 'ModelingProject1::LogicEncryption::GateBuffer::CalculateProbabilities::p1' -  (Parameter)" />
  <Message Timestamp="2015-05-23T13:45:13" Importance="Diagnostic" Text="Element reverse engineered into the UML model: 'ModelingProject1::LogicEncryption::GateBuffer::CalculateProbabilityExpression' -  (Operation)" />
  <Message Timestamp="2015-05-23T13:45:13" Importance="Diagnostic" Text="Element reverse engineered into the UML model: 'ModelingProject1::LogicEncryption::GateBuffer::CalculateProbabilityExpression::Inputs' -  (Parameter)" />
  <Message Timestamp="2015-05-23T13:45:13" Importance="Diagnostic" Text="Element reverse engineered into the UML model: 'ModelingProject1::LogicEncryption::GateBuffer::CalculateSC0' -  (Operation)" />
  <Message Timestamp="2015-05-23T13:45:13" Importance="Diagnostic" Text="Element reverse engineered into the UML model: 'ModelingProject1::LogicEncryption::GateBuffer::CalculateSC1' -  (Operation)" />
  <Message Timestamp="2015-05-23T13:45:13" Importance="Diagnostic" Text="Element reverse engineered into the UML model: 'ModelingProject1::LogicEncryption::GateBuffer::CalculateSValue' -  (Operation)" />
  <Message Timestamp="2015-05-23T13:45:13" Importance="Diagnostic" Text="Element reverse engineered into the UML model: 'ModelingProject1::LogicEncryption::GateBuffer::CalculateSValue::Inputs' -  (Parameter)" />
  <Message Timestamp="2015-05-23T13:45:13" Importance="Diagnostic" Text="Element reverse engineered into the UML model: 'ModelingProject1::LogicEncryption::GateBuffer::COInputI' -  (Operation)" />
  <Message Timestamp="2015-05-23T13:45:13" Importance="Diagnostic" Text="Element reverse engineered into the UML model: 'ModelingProject1::LogicEncryption::GateBuffer::COInputI::i' -  (Parameter)" />
  <Message Timestamp="2015-05-23T13:45:13" Importance="Diagnostic" Text="Element reverse engineered into the UML model: 'ModelingProject1::LogicEncryption::GateBuffer::Function' -  (Operation)" />
  <Message Timestamp="2015-05-23T13:45:13" Importance="Diagnostic" Text="Element reverse engineered into the UML model: 'ModelingProject1::LogicEncryption::GateBuffer::Function::a' -  (Parameter)" />
  <Message Timestamp="2015-05-23T13:45:13" Importance="Diagnostic" Text="Element reverse engineered into the UML model: 'ModelingProject1::LogicEncryption::GateBuffer::GateBuffer' -  (Operation)" />
  <Message Timestamp="2015-05-23T13:45:13" Importance="Diagnostic" Text="Element reverse engineered into the UML model: 'ModelingProject1::LogicEncryption::GateBuffer::SetControllabilities' -  (Operation)" />
  <Message Timestamp="2015-05-23T13:45:13" Importance="Diagnostic" Text="Element reverse engineered into the UML model: 'ModelingProject1::LogicEncryption::GateBuffer::SetObservabilities' -  (Operation)" />
  <Message Timestamp="2015-05-23T13:45:13" Importance="Diagnostic" Text="Element reverse engineered into the UML model: 'ModelingProject1::LogicEncryption::GateBuffer::SOInputI' -  (Operation)" />
  <Message Timestamp="2015-05-23T13:45:13" Importance="Diagnostic" Text="Element reverse engineered into the UML model: 'ModelingProject1::LogicEncryption::GateBuffer::SOInputI::i' -  (Parameter)" />
  <Message Timestamp="2015-05-23T13:45:13" Importance="Medium" Text="Element reverse engineered into the UML model: 'ModelingProject1::LogicEncryption::GateEqual' -  (Class)" />
  <Message Timestamp="2015-05-23T13:45:13" Importance="Diagnostic" Text="Element reverse engineered into the UML model: 'ModelingProject1::LogicEncryption::GateEqual::CalculateProbabilities' -  (Operation)" />
  <Message Timestamp="2015-05-23T13:45:13" Importance="Diagnostic" Text="Element reverse engineered into the UML model: 'ModelingProject1::LogicEncryption::GateEqual::CalculateProbabilities::Inputs' -  (Parameter)" />
  <Message Timestamp="2015-05-23T13:45:13" Importance="Diagnostic" Text="Element reverse engineered into the UML model: 'ModelingProject1::LogicEncryption::GateEqual::CalculateProbabilities::p0' -  (Parameter)" />
  <Message Timestamp="2015-05-23T13:45:13" Importance="Diagnostic" Text="Element reverse engineered into the UML model: 'ModelingProject1::LogicEncryption::GateEqual::CalculateProbabilities::p1' -  (Parameter)" />
  <Message Timestamp="2015-05-23T13:45:13" Importance="Diagnostic" Text="Element reverse engineered into the UML model: 'ModelingProject1::LogicEncryption::GateEqual::CalculateProbabilityExpression' -  (Operation)" />
  <Message Timestamp="2015-05-23T13:45:13" Importance="Diagnostic" Text="Element reverse engineered into the UML model: 'ModelingProject1::LogicEncryption::GateEqual::CalculateProbabilityExpression::Inputs' -  (Parameter)" />
  <Message Timestamp="2015-05-23T13:45:13" Importance="Diagnostic" Text="Element reverse engineered into the UML model: 'ModelingProject1::LogicEncryption::GateEqual::CalculateSValue' -  (Operation)" />
  <Message Timestamp="2015-05-23T13:45:13" Importance="Diagnostic" Text="Element reverse engineered into the UML model: 'ModelingProject1::LogicEncryption::GateEqual::CalculateSValue::Inputs' -  (Parameter)" />
  <Message Timestamp="2015-05-23T13:45:13" Importance="Diagnostic" Text="Element reverse engineered into the UML model: 'ModelingProject1::LogicEncryption::GateEqual::Function' -  (Operation)" />
  <Message Timestamp="2015-05-23T13:45:13" Importance="Diagnostic" Text="Element reverse engineered into the UML model: 'ModelingProject1::LogicEncryption::GateEqual::Function::a' -  (Parameter)" />
  <Message Timestamp="2015-05-23T13:45:13" Importance="Diagnostic" Text="Element reverse engineered into the UML model: 'ModelingProject1::LogicEncryption::GateEqual::GateEqual' -  (Operation)" />
  <Message Timestamp="2015-05-23T13:45:13" Importance="Diagnostic" Text="Element reverse engineered into the UML model: 'ModelingProject1::LogicEncryption::GateEqual::SetControllabilities' -  (Operation)" />
  <Message Timestamp="2015-05-23T13:45:13" Importance="Diagnostic" Text="Element reverse engineered into the UML model: 'ModelingProject1::LogicEncryption::GateEqual::SetObservabilities' -  (Operation)" />
  <Message Timestamp="2015-05-23T13:45:13" Importance="Medium" Text="Element reverse engineered into the UML model: 'ModelingProject1::LogicEncryption::GateNand' -  (Class)" />
  <Message Timestamp="2015-05-23T13:45:13" Importance="Diagnostic" Text="Element reverse engineered into the UML model: 'ModelingProject1::LogicEncryption::GateNand::CalculateCC0' -  (Operation)" />
  <Message Timestamp="2015-05-23T13:45:13" Importance="Diagnostic" Text="Element reverse engineered into the UML model: 'ModelingProject1::LogicEncryption::GateNand::CalculateCC1' -  (Operation)" />
  <Message Timestamp="2015-05-23T13:45:13" Importance="Diagnostic" Text="Element reverse engineered into the UML model: 'ModelingProject1::LogicEncryption::GateNand::CalculateProbabilities' -  (Operation)" />
  <Message Timestamp="2015-05-23T13:45:13" Importance="Diagnostic" Text="Element reverse engineered into the UML model: 'ModelingProject1::LogicEncryption::GateNand::CalculateProbabilities::Inputs' -  (Parameter)" />
  <Message Timestamp="2015-05-23T13:45:13" Importance="Diagnostic" Text="Element reverse engineered into the UML model: 'ModelingProject1::LogicEncryption::GateNand::CalculateProbabilities::p0' -  (Parameter)" />
  <Message Timestamp="2015-05-23T13:45:13" Importance="Diagnostic" Text="Element reverse engineered into the UML model: 'ModelingProject1::LogicEncryption::GateNand::CalculateProbabilities::p1' -  (Parameter)" />
  <Message Timestamp="2015-05-23T13:45:13" Importance="Diagnostic" Text="Element reverse engineered into the UML model: 'ModelingProject1::LogicEncryption::GateNand::CalculateProbabilityExpression' -  (Operation)" />
  <Message Timestamp="2015-05-23T13:45:13" Importance="Diagnostic" Text="Element reverse engineered into the UML model: 'ModelingProject1::LogicEncryption::GateNand::CalculateProbabilityExpression::Inputs' -  (Parameter)" />
  <Message Timestamp="2015-05-23T13:45:13" Importance="Diagnostic" Text="Element reverse engineered into the UML model: 'ModelingProject1::LogicEncryption::GateNand::CalculateSC0' -  (Operation)" />
  <Message Timestamp="2015-05-23T13:45:13" Importance="Diagnostic" Text="Element reverse engineered into the UML model: 'ModelingProject1::LogicEncryption::GateNand::CalculateSC1' -  (Operation)" />
  <Message Timestamp="2015-05-23T13:45:13" Importance="Diagnostic" Text="Element reverse engineered into the UML model: 'ModelingProject1::LogicEncryption::GateNand::CalculateSValue' -  (Operation)" />
  <Message Timestamp="2015-05-23T13:45:13" Importance="Diagnostic" Text="Element reverse engineered into the UML model: 'ModelingProject1::LogicEncryption::GateNand::CalculateSValue::Inputs' -  (Parameter)" />
  <Message Timestamp="2015-05-23T13:45:13" Importance="Diagnostic" Text="Element reverse engineered into the UML model: 'ModelingProject1::LogicEncryption::GateNand::COInputI' -  (Operation)" />
  <Message Timestamp="2015-05-23T13:45:13" Importance="Diagnostic" Text="Element reverse engineered into the UML model: 'ModelingProject1::LogicEncryption::GateNand::COInputI::i' -  (Parameter)" />
  <Message Timestamp="2015-05-23T13:45:13" Importance="Diagnostic" Text="Element reverse engineered into the UML model: 'ModelingProject1::LogicEncryption::GateNand::Function' -  (Operation)" />
  <Message Timestamp="2015-05-23T13:45:13" Importance="Diagnostic" Text="Element reverse engineered into the UML model: 'ModelingProject1::LogicEncryption::GateNand::Function::a' -  (Parameter)" />
  <Message Timestamp="2015-05-23T13:45:13" Importance="Diagnostic" Text="Element reverse engineered into the UML model: 'ModelingProject1::LogicEncryption::GateNand::Function::b' -  (Parameter)" />
  <Message Timestamp="2015-05-23T13:45:13" Importance="Diagnostic" Text="Element reverse engineered into the UML model: 'ModelingProject1::LogicEncryption::GateNand::GateNand' -  (Operation)" />
  <Message Timestamp="2015-05-23T13:45:13" Importance="Diagnostic" Text="Element reverse engineered into the UML model: 'ModelingProject1::LogicEncryption::GateNand::SetControllabilities' -  (Operation)" />
  <Message Timestamp="2015-05-23T13:45:13" Importance="Diagnostic" Text="Element reverse engineered into the UML model: 'ModelingProject1::LogicEncryption::GateNand::SetObservabilities' -  (Operation)" />
  <Message Timestamp="2015-05-23T13:45:13" Importance="Diagnostic" Text="Element reverse engineered into the UML model: 'ModelingProject1::LogicEncryption::GateNand::SOInputI' -  (Operation)" />
  <Message Timestamp="2015-05-23T13:45:13" Importance="Diagnostic" Text="Element reverse engineered into the UML model: 'ModelingProject1::LogicEncryption::GateNand::SOInputI::i' -  (Parameter)" />
  <Message Timestamp="2015-05-23T13:45:13" Importance="Medium" Text="Element reverse engineered into the UML model: 'ModelingProject1::LogicEncryption::GateOr' -  (Class)" />
  <Message Timestamp="2015-05-23T13:45:13" Importance="Diagnostic" Text="Element reverse engineered into the UML model: 'ModelingProject1::LogicEncryption::GateOr::CalculateCC0' -  (Operation)" />
  <Message Timestamp="2015-05-23T13:45:13" Importance="Diagnostic" Text="Element reverse engineered into the UML model: 'ModelingProject1::LogicEncryption::GateOr::CalculateCC1' -  (Operation)" />
  <Message Timestamp="2015-05-23T13:45:13" Importance="Diagnostic" Text="Element reverse engineered into the UML model: 'ModelingProject1::LogicEncryption::GateOr::CalculateProbabilities' -  (Operation)" />
  <Message Timestamp="2015-05-23T13:45:13" Importance="Diagnostic" Text="Element reverse engineered into the UML model: 'ModelingProject1::LogicEncryption::GateOr::CalculateProbabilities::Inputs' -  (Parameter)" />
  <Message Timestamp="2015-05-23T13:45:13" Importance="Diagnostic" Text="Element reverse engineered into the UML model: 'ModelingProject1::LogicEncryption::GateOr::CalculateProbabilities::p0' -  (Parameter)" />
  <Message Timestamp="2015-05-23T13:45:13" Importance="Diagnostic" Text="Element reverse engineered into the UML model: 'ModelingProject1::LogicEncryption::GateOr::CalculateProbabilities::p1' -  (Parameter)" />
  <Message Timestamp="2015-05-23T13:45:13" Importance="Diagnostic" Text="Element reverse engineered into the UML model: 'ModelingProject1::LogicEncryption::GateOr::CalculateProbabilityExpression' -  (Operation)" />
  <Message Timestamp="2015-05-23T13:45:13" Importance="Diagnostic" Text="Element reverse engineered into the UML model: 'ModelingProject1::LogicEncryption::GateOr::CalculateProbabilityExpression::Inputs' -  (Parameter)" />
  <Message Timestamp="2015-05-23T13:45:13" Importance="Diagnostic" Text="Element reverse engineered into the UML model: 'ModelingProject1::LogicEncryption::GateOr::CalculateSC0' -  (Operation)" />
  <Message Timestamp="2015-05-23T13:45:13" Importance="Diagnostic" Text="Element reverse engineered into the UML model: 'ModelingProject1::LogicEncryption::GateOr::CalculateSC1' -  (Operation)" />
  <Message Timestamp="2015-05-23T13:45:13" Importance="Diagnostic" Text="Element reverse engineered into the UML model: 'ModelingProject1::LogicEncryption::GateOr::CalculateSValue' -  (Operation)" />
  <Message Timestamp="2015-05-23T13:45:13" Importance="Diagnostic" Text="Element reverse engineered into the UML model: 'ModelingProject1::LogicEncryption::GateOr::CalculateSValue::Inputs' -  (Parameter)" />
  <Message Timestamp="2015-05-23T13:45:13" Importance="Diagnostic" Text="Element reverse engineered into the UML model: 'ModelingProject1::LogicEncryption::GateOr::COInputI' -  (Operation)" />
  <Message Timestamp="2015-05-23T13:45:13" Importance="Diagnostic" Text="Element reverse engineered into the UML model: 'ModelingProject1::LogicEncryption::GateOr::COInputI::i' -  (Parameter)" />
  <Message Timestamp="2015-05-23T13:45:13" Importance="Diagnostic" Text="Element reverse engineered into the UML model: 'ModelingProject1::LogicEncryption::GateOr::Function' -  (Operation)" />
  <Message Timestamp="2015-05-23T13:45:13" Importance="Diagnostic" Text="Element reverse engineered into the UML model: 'ModelingProject1::LogicEncryption::GateOr::Function::a' -  (Parameter)" />
  <Message Timestamp="2015-05-23T13:45:13" Importance="Diagnostic" Text="Element reverse engineered into the UML model: 'ModelingProject1::LogicEncryption::GateOr::Function::b' -  (Parameter)" />
  <Message Timestamp="2015-05-23T13:45:13" Importance="Diagnostic" Text="Element reverse engineered into the UML model: 'ModelingProject1::LogicEncryption::GateOr::GateOr' -  (Operation)" />
  <Message Timestamp="2015-05-23T13:45:13" Importance="Diagnostic" Text="Element reverse engineered into the UML model: 'ModelingProject1::LogicEncryption::GateOr::SetControllabilities' -  (Operation)" />
  <Message Timestamp="2015-05-23T13:45:13" Importance="Diagnostic" Text="Element reverse engineered into the UML model: 'ModelingProject1::LogicEncryption::GateOr::SetObservabilities' -  (Operation)" />
  <Message Timestamp="2015-05-23T13:45:13" Importance="Diagnostic" Text="Element reverse engineered into the UML model: 'ModelingProject1::LogicEncryption::GateOr::SOInputI' -  (Operation)" />
  <Message Timestamp="2015-05-23T13:45:13" Importance="Diagnostic" Text="Element reverse engineered into the UML model: 'ModelingProject1::LogicEncryption::GateOr::SOInputI::i' -  (Parameter)" />
  <Message Timestamp="2015-05-23T13:45:13" Importance="Medium" Text="Element reverse engineered into the UML model: 'ModelingProject1::LogicEncryption::GateXnor' -  (Class)" />
  <Message Timestamp="2015-05-23T13:45:13" Importance="Diagnostic" Text="Element reverse engineered into the UML model: 'ModelingProject1::LogicEncryption::GateXnor::CalculateCC0' -  (Operation)" />
  <Message Timestamp="2015-05-23T13:45:13" Importance="Diagnostic" Text="Element reverse engineered into the UML model: 'ModelingProject1::LogicEncryption::GateXnor::CalculateCC1' -  (Operation)" />
  <Message Timestamp="2015-05-23T13:45:13" Importance="Diagnostic" Text="Element reverse engineered into the UML model: 'ModelingProject1::LogicEncryption::GateXnor::CalculateProbabilities' -  (Operation)" />
  <Message Timestamp="2015-05-23T13:45:13" Importance="Diagnostic" Text="Element reverse engineered into the UML model: 'ModelingProject1::LogicEncryption::GateXnor::CalculateProbabilities::Inputs' -  (Parameter)" />
  <Message Timestamp="2015-05-23T13:45:13" Importance="Diagnostic" Text="Element reverse engineered into the UML model: 'ModelingProject1::LogicEncryption::GateXnor::CalculateProbabilities::name' -  (Parameter)" />
  <Message Timestamp="2015-05-23T13:45:13" Importance="Diagnostic" Text="Element reverse engineered into the UML model: 'ModelingProject1::LogicEncryption::GateXnor::CalculateProbabilities::p0' -  (Parameter)" />
  <Message Timestamp="2015-05-23T13:45:13" Importance="Diagnostic" Text="Element reverse engineered into the UML model: 'ModelingProject1::LogicEncryption::GateXnor::CalculateProbabilities::p1' -  (Parameter)" />
  <Message Timestamp="2015-05-23T13:45:13" Importance="Diagnostic" Text="Element reverse engineered into the UML model: 'ModelingProject1::LogicEncryption::GateXnor::CalculateProbabilityExpression' -  (Operation)" />
  <Message Timestamp="2015-05-23T13:45:13" Importance="Diagnostic" Text="Element reverse engineered into the UML model: 'ModelingProject1::LogicEncryption::GateXnor::CalculateProbabilityExpression::Inputs' -  (Parameter)" />
  <Message Timestamp="2015-05-23T13:45:13" Importance="Diagnostic" Text="Element reverse engineered into the UML model: 'ModelingProject1::LogicEncryption::GateXnor::CalculateProbabilityExpression::name' -  (Parameter)" />
  <Message Timestamp="2015-05-23T13:45:13" Importance="Diagnostic" Text="Element reverse engineered into the UML model: 'ModelingProject1::LogicEncryption::GateXnor::CalculateSC0' -  (Operation)" />
  <Message Timestamp="2015-05-23T13:45:13" Importance="Diagnostic" Text="Element reverse engineered into the UML model: 'ModelingProject1::LogicEncryption::GateXnor::CalculateSC1' -  (Operation)" />
  <Message Timestamp="2015-05-23T13:45:13" Importance="Diagnostic" Text="Element reverse engineered into the UML model: 'ModelingProject1::LogicEncryption::GateXnor::CalculateSValue' -  (Operation)" />
  <Message Timestamp="2015-05-23T13:45:13" Importance="Diagnostic" Text="Element reverse engineered into the UML model: 'ModelingProject1::LogicEncryption::GateXnor::CalculateSValue::Inputs' -  (Parameter)" />
  <Message Timestamp="2015-05-23T13:45:13" Importance="Diagnostic" Text="Element reverse engineered into the UML model: 'ModelingProject1::LogicEncryption::GateXnor::CalculateSValue::Name' -  (Parameter)" />
  <Message Timestamp="2015-05-23T13:45:13" Importance="Diagnostic" Text="Element reverse engineered into the UML model: 'ModelingProject1::LogicEncryption::GateXnor::COInputI' -  (Operation)" />
  <Message Timestamp="2015-05-23T13:45:13" Importance="Diagnostic" Text="Element reverse engineered into the UML model: 'ModelingProject1::LogicEncryption::GateXnor::COInputI::i' -  (Parameter)" />
  <Message Timestamp="2015-05-23T13:45:13" Importance="Diagnostic" Text="Element reverse engineered into the UML model: 'ModelingProject1::LogicEncryption::GateXnor::Function' -  (Operation)" />
  <Message Timestamp="2015-05-23T13:45:13" Importance="Diagnostic" Text="Element reverse engineered into the UML model: 'ModelingProject1::LogicEncryption::GateXnor::Function::a' -  (Parameter)" />
  <Message Timestamp="2015-05-23T13:45:13" Importance="Diagnostic" Text="Element reverse engineered into the UML model: 'ModelingProject1::LogicEncryption::GateXnor::Function::b' -  (Parameter)" />
  <Message Timestamp="2015-05-23T13:45:13" Importance="Diagnostic" Text="Element reverse engineered into the UML model: 'ModelingProject1::LogicEncryption::GateXnor::Function::c' -  (Parameter)" />
  <Message Timestamp="2015-05-23T13:45:13" Importance="Diagnostic" Text="Element reverse engineered into the UML model: 'ModelingProject1::LogicEncryption::GateXnor::GateXnor' -  (Operation)" />
  <Message Timestamp="2015-05-23T13:45:13" Importance="Diagnostic" Text="Element reverse engineered into the UML model: 'ModelingProject1::LogicEncryption::GateXnor::SetControllabilities' -  (Operation)" />
  <Message Timestamp="2015-05-23T13:45:13" Importance="Diagnostic" Text="Element reverse engineered into the UML model: 'ModelingProject1::LogicEncryption::GateXnor::SetObservabilities' -  (Operation)" />
  <Message Timestamp="2015-05-23T13:45:13" Importance="Diagnostic" Text="Element reverse engineered into the UML model: 'ModelingProject1::LogicEncryption::GateXnor::SOInputI' -  (Operation)" />
  <Message Timestamp="2015-05-23T13:45:13" Importance="Diagnostic" Text="Element reverse engineered into the UML model: 'ModelingProject1::LogicEncryption::GateXnor::SOInputI::i' -  (Parameter)" />
  <Message Timestamp="2015-05-23T13:45:13" Importance="Medium" Text="Element reverse engineered into the UML model: 'ModelingProject1::LogicEncryption::GateXor' -  (Class)" />
  <Message Timestamp="2015-05-23T13:45:13" Importance="Diagnostic" Text="Element reverse engineered into the UML model: 'ModelingProject1::LogicEncryption::GateXor::CalculateCC0' -  (Operation)" />
  <Message Timestamp="2015-05-23T13:45:13" Importance="Diagnostic" Text="Element reverse engineered into the UML model: 'ModelingProject1::LogicEncryption::GateXor::CalculateCC1' -  (Operation)" />
  <Message Timestamp="2015-05-23T13:45:13" Importance="Diagnostic" Text="Element reverse engineered into the UML model: 'ModelingProject1::LogicEncryption::GateXor::CalculateProbabilities' -  (Operation)" />
  <Message Timestamp="2015-05-23T13:45:13" Importance="Diagnostic" Text="Element reverse engineered into the UML model: 'ModelingProject1::LogicEncryption::GateXor::CalculateProbabilities::Inputs' -  (Parameter)" />
  <Message Timestamp="2015-05-23T13:45:13" Importance="Diagnostic" Text="Element reverse engineered into the UML model: 'ModelingProject1::LogicEncryption::GateXor::CalculateProbabilities::name' -  (Parameter)" />
  <Message Timestamp="2015-05-23T13:45:13" Importance="Diagnostic" Text="Element reverse engineered into the UML model: 'ModelingProject1::LogicEncryption::GateXor::CalculateProbabilities::p0' -  (Parameter)" />
  <Message Timestamp="2015-05-23T13:45:13" Importance="Diagnostic" Text="Element reverse engineered into the UML model: 'ModelingProject1::LogicEncryption::GateXor::CalculateProbabilities::p1' -  (Parameter)" />
  <Message Timestamp="2015-05-23T13:45:13" Importance="Diagnostic" Text="Element reverse engineered into the UML model: 'ModelingProject1::LogicEncryption::GateXor::CalculateProbabilityExpression' -  (Operation)" />
  <Message Timestamp="2015-05-23T13:45:13" Importance="Diagnostic" Text="Element reverse engineered into the UML model: 'ModelingProject1::LogicEncryption::GateXor::CalculateProbabilityExpression::Inputs' -  (Parameter)" />
  <Message Timestamp="2015-05-23T13:45:13" Importance="Diagnostic" Text="Element reverse engineered into the UML model: 'ModelingProject1::LogicEncryption::GateXor::CalculateProbabilityExpression::name' -  (Parameter)" />
  <Message Timestamp="2015-05-23T13:45:13" Importance="Diagnostic" Text="Element reverse engineered into the UML model: 'ModelingProject1::LogicEncryption::GateXor::CalculateSC0' -  (Operation)" />
  <Message Timestamp="2015-05-23T13:45:13" Importance="Diagnostic" Text="Element reverse engineered into the UML model: 'ModelingProject1::LogicEncryption::GateXor::CalculateSC1' -  (Operation)" />
  <Message Timestamp="2015-05-23T13:45:13" Importance="Diagnostic" Text="Element reverse engineered into the UML model: 'ModelingProject1::LogicEncryption::GateXor::CalculateSValue' -  (Operation)" />
  <Message Timestamp="2015-05-23T13:45:13" Importance="Diagnostic" Text="Element reverse engineered into the UML model: 'ModelingProject1::LogicEncryption::GateXor::CalculateSValue::Inputs' -  (Parameter)" />
  <Message Timestamp="2015-05-23T13:45:13" Importance="Diagnostic" Text="Element reverse engineered into the UML model: 'ModelingProject1::LogicEncryption::GateXor::CalculateSValue::Name' -  (Parameter)" />
  <Message Timestamp="2015-05-23T13:45:13" Importance="Diagnostic" Text="Element reverse engineered into the UML model: 'ModelingProject1::LogicEncryption::GateXor::COInputI' -  (Operation)" />
  <Message Timestamp="2015-05-23T13:45:13" Importance="Diagnostic" Text="Element reverse engineered into the UML model: 'ModelingProject1::LogicEncryption::GateXor::COInputI::i' -  (Parameter)" />
  <Message Timestamp="2015-05-23T13:45:13" Importance="Diagnostic" Text="Element reverse engineered into the UML model: 'ModelingProject1::LogicEncryption::GateXor::Function' -  (Operation)" />
  <Message Timestamp="2015-05-23T13:45:13" Importance="Diagnostic" Text="Element reverse engineered into the UML model: 'ModelingProject1::LogicEncryption::GateXor::Function::a' -  (Parameter)" />
  <Message Timestamp="2015-05-23T13:45:13" Importance="Diagnostic" Text="Element reverse engineered into the UML model: 'ModelingProject1::LogicEncryption::GateXor::Function::b' -  (Parameter)" />
  <Message Timestamp="2015-05-23T13:45:13" Importance="Diagnostic" Text="Element reverse engineered into the UML model: 'ModelingProject1::LogicEncryption::GateXor::Function::c' -  (Parameter)" />
  <Message Timestamp="2015-05-23T13:45:13" Importance="Diagnostic" Text="Element reverse engineered into the UML model: 'ModelingProject1::LogicEncryption::GateXor::GateXor' -  (Operation)" />
  <Message Timestamp="2015-05-23T13:45:13" Importance="Diagnostic" Text="Element reverse engineered into the UML model: 'ModelingProject1::LogicEncryption::GateXor::SetControllabilities' -  (Operation)" />
  <Message Timestamp="2015-05-23T13:45:13" Importance="Diagnostic" Text="Element reverse engineered into the UML model: 'ModelingProject1::LogicEncryption::GateXor::SetObservabilities' -  (Operation)" />
  <Message Timestamp="2015-05-23T13:45:13" Importance="Diagnostic" Text="Element reverse engineered into the UML model: 'ModelingProject1::LogicEncryption::GateXor::SOInputI' -  (Operation)" />
  <Message Timestamp="2015-05-23T13:45:13" Importance="Diagnostic" Text="Element reverse engineered into the UML model: 'ModelingProject1::LogicEncryption::GateXor::SOInputI::i' -  (Parameter)" />
  <Message Timestamp="2015-05-23T13:45:13" Importance="Diagnostic" Text="Element reverse engineered into the UML model: 'ModelingProject1::LogicEncryption::Input' -  (Class)   (partially reverse engineered - definition not updated) " />
  <Message Timestamp="2015-05-23T13:45:13" Importance="Diagnostic" Text="Element reverse engineered into the UML model: 'ModelingProject1::LogicEncryption::Net' -  (Class)   (partially reverse engineered - definition not updated) " />
  <Message Timestamp="2015-05-23T13:45:13" Importance="Diagnostic" Text="Element reverse engineered into the UML model: 'ModelingProject1::LogicEncryption::SCOAPValue' -  (Class)   (partially reverse engineered - definition not updated) " />
  <Message Timestamp="2015-05-23T13:45:13" Importance="Diagnostic" Text="Element reverse engineered into the UML model: 'ModelingProject1::LogicEncryption::Signal' -  (Enumeration)   (partially reverse engineered - definition not updated) " />
  <Message Timestamp="2015-05-23T13:45:13" Importance="Diagnostic" Text="Element reverse engineered into the UML model: 'ModelingProject1::LogicEncryption::SumOfProducts' -  (Class)   (partially reverse engineered - definition not updated) " />
  <Message Timestamp="2015-05-23T13:45:13" Importance="Diagnostic" Text="Element reverse engineered into the UML model: 'ModelingProject1::System' -  (Package)" />
  <Message Timestamp="2015-05-23T13:45:13" Importance="Diagnostic" Text="Element reverse engineered into the UML model: 'ModelingProject1::System::Collections' -  (Package)" />
  <Message Timestamp="2015-05-23T13:45:13" Importance="Diagnostic" Text="Element reverse engineered into the UML model: 'ModelingProject1::System::Collections::Generic' -  (Package)" />
  <Message Timestamp="2015-05-23T13:45:13" Importance="Diagnostic" Text="Element reverse engineered into the UML model: 'ModelingProject1::System::Collections::Generic::List' -  (Class)   (partially reverse engineered - definition not updated) " />
  <Message Timestamp="2015-05-23T13:45:13" Importance="Diagnostic" Text="Element reverse engineered into the UML model: 'ModelingProject1::System::Collections::Generic::List&lt;Input‎&gt;' -  (Class)   (partially reverse engineered - definition not updated) " />
  <Message Timestamp="2015-05-23T13:45:13" Importance="Diagnostic" Text="Element reverse engineered into the UML model: 'ModelingProject1::System::Double' -  (Class)   (partially reverse engineered - definition not updated) " />
  <Message Timestamp="2015-05-23T13:45:13" Importance="Diagnostic" Text="Element reverse engineered into the UML model: 'String' -  (PrimitiveType)" />
  <Message Timestamp="2015-05-23T13:45:13" Importance="Diagnostic" Text="Relationship reverse engineered into the UML model: ModelingProject1::LogicEncryption::GateOr to ModelingProject1::LogicEncryption::Net (Generalization)" />
  <Message Timestamp="2015-05-23T13:45:13" Importance="Diagnostic" Text="Relationship reverse engineered into the UML model: ModelingProject1::LogicEncryption::GateXnor to ModelingProject1::LogicEncryption::Net (Generalization)" />
  <Message Timestamp="2015-05-23T13:45:13" Importance="Diagnostic" Text="Relationship reverse engineered into the UML model: ModelingProject1::LogicEncryption::GateXor to ModelingProject1::LogicEncryption::Net (Generalization)" />
  <Message Timestamp="2015-05-23T13:45:13" Importance="Diagnostic" Text="Relationship reverse engineered into the UML model: ModelingProject1::LogicEncryption::GateBuffer to ModelingProject1::LogicEncryption::Net (Generalization)" />
  <Message Timestamp="2015-05-23T13:45:13" Importance="Diagnostic" Text="Relationship reverse engineered into the UML model: ModelingProject1::LogicEncryption::GateEqual to ModelingProject1::LogicEncryption::Net (Generalization)" />
  <Message Timestamp="2015-05-23T13:45:13" Importance="Diagnostic" Text="Relationship reverse engineered into the UML model: ModelingProject1::LogicEncryption::GateNand to ModelingProject1::LogicEncryption::Net (Generalization)" />
  <Message Timestamp="2015-05-23T13:45:13" Importance="Diagnostic" Text="Relationship reverse engineered into the UML model: ModelingProject1::LogicEncryption::GateAnd to ModelingProject1::LogicEncryption::Net (Generalization)" />
  <Message Timestamp="2015-05-23T13:45:13" Importance="Diagnostic" Text="Relationship reverse engineered into the UML model: ModelingProject1::LogicEncryption::GateNor to ModelingProject1::LogicEncryption::Net (Generalization)" />
  <Message Timestamp="2015-05-23T13:45:13" Importance="High" Text="(6) type(s) fully reverse engineered." />
  <Message Timestamp="2015-05-23T13:45:13" Importance="High" Text="(8) type(s) partially reverse engineered.  These types were not included in the original selection so their full definitions are not reverse engineered.  Instead, this shallow operation has simply ensured these types exist in the UML model because they are needed in order to fully describe other elements." />
  <Message Timestamp="2015-05-23T13:45:13" Importance="High" Text="The reverse engineering operation completed with (0) error(s), and (0) warning(s)." />
</Log>